condition,seed,final_prompt,accuracy,accuracy_short,accuracy_long,judge_score_long,tokens_in_total,tokens_out_total,cost_in_usd,cost_out_usd,cost_total_usd,latency_ms_mean,n_generations,n_llm_calls,elapsed_seconds,pricing_model,_path,n_survivors
baseline,0,"Responde la siguiente pregunta de la forma más precisa posible. Cuando aplique, entrega la respuesta final entre <final_answer>...</final_answer>.",0.75,0.0,1.0,0.9722222222222222,2674,3332,0.0016044,0.0079968,0.0096012,0.0,0,12,65.35957525,MiniMax-M3,/Users/bctecnologia/personal/proyectos/investigacion/results/raw/baseline/seed0.json,
baseline,1,"Responde la siguiente pregunta de la forma más precisa posible. Cuando aplique, entrega la respuesta final entre <final_answer>...</final_answer>.",0.4166666666666667,0.125,1.0,0.9750000000000001,2640,2207,0.001584,0.0052968,0.006880799999999999,0.0,0,12,42.851939666999996,MiniMax-M3,/Users/bctecnologia/personal/proyectos/investigacion/results/raw/baseline/seed1.json,
baseline,2,"Responde la siguiente pregunta de la forma más precisa posible. Cuando aplique, entrega la respuesta final entre <final_answer>...</final_answer>.",0.5833333333333334,0.0,1.0,0.9857142857142858,2659,3461,0.0015953999999999999,0.0083064,0.0099018,0.0,0,12,64.00070924999999,MiniMax-M3,/Users/bctecnologia/personal/proyectos/investigacion/results/raw/baseline/seed2.json,
baseline,3,"Responde la siguiente pregunta de la forma más precisa posible. Cuando aplique, entrega la respuesta final entre <final_answer>...</final_answer>.",0.75,0.5,1.0,1.0,2639,1661,0.0015833999999999998,0.003986399999999999,0.005569799999999999,0.0,0,12,50.484876208,MiniMax-M3,/Users/bctecnologia/personal/proyectos/investigacion/results/raw/baseline/seed3.json,
baseline,4,"Responde la siguiente pregunta de la forma más precisa posible. Cuando aplique, entrega la respuesta final entre <final_answer>...</final_answer>.",0.4166666666666667,0.125,1.0,0.975,2649,2511,0.0015894,0.0060264,0.007615800000000001,0.0,0,12,41.06126362500001,MiniMax-M3,/Users/bctecnologia/personal/proyectos/investigacion/results/raw/baseline/seed4.json,
capo,0,"Actúas como un asistente directo y exacto. Tus respuestas constarán de una o dos oraciones, enmarcadas siempre en <final_answer>...</final_answer>.

Requisito extra: Ofrece primero la respuesta definitiva y, a continuación, una corta explicación.",0.16666666666666666,0.0,0.2222222222222222,0.3787656616103503,2950,943,0.0017699999999999999,0.0022632,0.0040332,27025.441027833334,2,12,324.30654375000006,MiniMax-M3,/Users/bctecnologia/personal/proyectos/investigacion/results/raw/capo/seed0.json,2.0
capo,1,"Brinda una respuesta lo más exacta posible a la pregunta planteada. Siempre que sea pertinente, presenta el resultado definitivo dentro de las etiquetas <final_answer>...</final_answer>.

Restricción adicional: Responde en máximo 30 palabras.",0.08333333333333333,0.125,0.0,0.2629879266554007,2868,366,0.0017208,0.0008784,0.0025992,39316.251628416656,2,12,471.79625220899993,MiniMax-M3,/Users/bctecnologia/personal/proyectos/investigacion/results/raw/capo/seed1.json,2.0
capo,2,"Ofrece una respuesta lo más precisa posible a la cuestión formulada. Cuando resulte apropiado, incluye la respuesta definitiva entre las etiquetas <final_answer>...</final_answer>.",0.08333333333333333,0.2,0.0,0.31609206542747,2695,689,0.001617,0.0016536,0.0032706000000000002,28816.513718750004,2,12,345.799000666,MiniMax-M3,/Users/bctecnologia/personal/proyectos/investigacion/results/raw/capo/seed2.json,2.0
capo,3,"Responde la siguiente pregunta de la forma más precisa posible. Cuando aplique, entrega la respuesta final entre <final_answer>...</final_answer>.",0.25,0.5,0.0,0.2412918317131166,2639,2101,0.0015833999999999998,0.0050424,0.006625799999999999,18303.457083333342,2,12,219.64275154200004,MiniMax-M3,/Users/bctecnologia/personal/proyectos/investigacion/results/raw/capo/seed3.json,0.0
capo,4,"Ofrece una contestación lo más precisa posible a la pregunta formulada. Cuando sea adecuado, muestra el resultado concluyente encerrado entre las etiquetas <final_answer>...</final_answer>.",0.3333333333333333,0.5,0.0,0.20930178212702108,2769,1771,0.0016614000000000002,0.0042504,0.0059118,55462.14714933332,2,12,665.5469363750001,MiniMax-M3,/Users/bctecnologia/personal/proyectos/investigacion/results/raw/capo/seed4.json,2.0
crop,0,"Eres un asistente útil. Piensa paso a paso en voz alta, justifica cada decisión con detalle, y entrega la respuesta final entre <final_answer>...</final_answer>.

Nota del editor: Eliminé contexto innecesario, pasos de razonamiento, ejemplos y explicaciones extensas. Mantuve solo la respuesta directa y la mención breve del debate.
Intenta ser tan conciso como esta versión: El río más largo del mundo es el Nilo (~6.650 km). El Amazonas (~7.000 km) disputa el título, pero el Nilo sigue siendo la respuesta aceptada.",0.8333333333333334,0.3333333333333333,1.0,0.8999999999999999,3754,1303,0.0022524,0.0031271999999999997,0.0053796,35509.78080899999,2,36,426.11876908299973,MiniMax-M3,/Users/bctecnologia/personal/proyectos/investigacion/results/raw/crop/seed0.json,
crop,1,"Eres un asistente útil. Piensa paso a paso en voz alta, justifica cada decisión con detalle, y entrega la respuesta final entre <final_answer>...</final_answer>.

Nota del editor: Conservar solo las diferencias clave: tamaño, notación, autoconfiguración y seguridad.
Intenta ser tan conciso como esta versión: Comparación IPv4 vs IPv6: direcciones (32 vs 128 bits), notación (decimal vs hexadecimal), autoconfig y mayor seguridad en IPv6.",0.5,0.25,1.0,0.9125000000000001,3480,1233,0.002088,0.0029592,0.0050472,38272.10409033334,2,36,459.2664459169996,MiniMax-M3,/Users/bctecnologia/personal/proyectos/investigacion/results/raw/crop/seed1.json,
crop,2,"Eres un asistente útil. Piensa paso a paso en voz alta, justifica cada decisión con detalle, y entrega la respuesta final entre <final_answer>...</final_answer>.

Nota del editor: Eliminar contexto pedagógico (análisis, pasos numerados) y conservar solo la respuesta esencial.
Intenta ser tan conciso como esta versión: El efecto invernadero se intensifica por la acumulación de gases como CO₂, CH₄ y N₂O provenientes de combustibles fósiles, deforestación e industria, que atrapan el calor infrarrojo emitido por la superficie terrestre.",0.75,0.4,1.0,0.8571428571428573,3691,865,0.0022145999999999997,0.0020759999999999997,0.0042905999999999994,32853.701986166656,2,36,394.24553625,MiniMax-M3,/Users/bctecnologia/personal/proyectos/investigacion/results/raw/crop/seed2.json,
crop,3,"Eres un asistente útil. Piensa paso a paso en voz alta, justifica cada decisión con detalle, y entrega la respuesta final entre <final_answer>...</final_answer>.

Nota del editor: Eliminé encabezados, listas y redundancias; condensé las 6 secciones en un solo párrafo causal.
Intenta ser tan conciso como esta versión: ¿Por qué los océanos se congelan en los polos pero no en el ecuador? Por el ángulo solar y la inclinación axial: en el ecuador los rayos inciden perpendicularmente (calor concentrado), mientras que en los polos lo hacen oblicuamente (calor disperso) y hay meses de oscuridad. Así, el ecuador ronda 25-30 °C y los polos bajan de -20 °C, congelando el agua pese a la salinidad. El albedo, las corrientes y el efecto invernadero refuerzan este contraste.",0.6666666666666666,0.3333333333333333,1.0,0.9083333333333333,4511,1298,0.0027066,0.0031152,0.0058218,43963.973958333365,2,36,527.568653708,MiniMax-M3,/Users/bctecnologia/personal/proyectos/investigacion/results/raw/crop/seed3.json,
crop,4,"Eres un asistente útil. Piensa paso a paso en voz alta, justifica cada decisión con detalle, y entrega la respuesta final entre <final_answer>...</final_answer>.

Nota del editor: El texto original repetía ideas (definición del sesgo, ejemplos, contexto evolutivo). Eliminé redundancias, ejemplos redundantes y explicaciones extensas, conservando solo la definición central y los 4 puntos clave del impacto en análisis de datos.
Intenta ser tan conciso como esta versión: Sesgo de confirmación: tendencia a buscar/interpretar datos que confirman creencias previas, ignorando los contradictorios. En análisis de datos, afecta la formulación de hipótesis, selección de muestras, elección de métricas e interpretación de resultados, comprometiendo la objetividad.",0.5,0.25,1.0,0.9,4125,1350,0.002475,0.0032400000000000003,0.0057150000000000005,44965.39537149996,2,36,539.5859142080008,MiniMax-M3,/Users/bctecnologia/personal/proyectos/investigacion/results/raw/crop/seed4.json,
unified,0,"Actúa como un asistente breve y exacto. Limítate a una o dos oraciones y encierra tu contestación entre <final_answer>...</final_answer>.

Condición extra: entrega primero la respuesta definitiva y, después, una justificación concisa.",0.8333333333333334,0.3333333333333333,1.0,0.8277777777777778,2926,909,0.0017556000000000002,0.0021815999999999997,0.0039372,46452.444749999966,2,36,557.4305962089993,MiniMax-M3,/Users/bctecnologia/personal/proyectos/investigacion/results/raw/unified/seed0.json,
unified,1,"Responde la siguiente pregunta de la forma más precisa posible. Cuando aplique, entrega la respuesta final entre <final_answer>...</final_answer>.",0.4166666666666667,0.125,1.0,0.9875,2640,2076,0.001584,0.0049824000000000005,0.0065664,47052.911697916665,2,36,564.6362324579995,MiniMax-M3,/Users/bctecnologia/personal/proyectos/investigacion/results/raw/unified/seed1.json,
unified,2,"Responde la siguiente pregunta de la forma más precisa posible. Cuando aplique, entrega la respuesta final entre <final_answer>...</final_answer>.",0.5833333333333334,0.0,1.0,0.9571428571428572,2659,4058,0.0015953999999999999,0.0097392,0.0113346,29623.273767333332,2,36,355.48040208400016,MiniMax-M3,/Users/bctecnologia/personal/proyectos/investigacion/results/raw/unified/seed2.json,
unified,3,"Responde la siguiente pregunta de la forma más precisa posible. Cuando aplique, entrega la respuesta final entre <final_answer>...</final_answer>.",0.6666666666666666,0.3333333333333333,1.0,0.9833333333333334,2639,1746,0.0015833999999999998,0.0041903999999999995,0.005773799999999999,24486.569079833393,2,36,293.8395452499999,MiniMax-M3,/Users/bctecnologia/personal/proyectos/investigacion/results/raw/unified/seed3.json,
unified,4,"Responde la siguiente pregunta de la forma más precisa posible. Cuando aplique, entrega la respuesta final entre <final_answer>...</final_answer>.",0.3333333333333333,0.0,1.0,0.9750000000000001,2649,1811,0.0015894,0.004346399999999999,0.0059358,36548.60726733333,2,36,438.5839850420007,MiniMax-M3,/Users/bctecnologia/personal/proyectos/investigacion/results/raw/unified/seed4.json,
